,color,linewidth,linestyle,,,,,,
csa_csa,red,2,-,2.532090116,1.510453744,0.229652282,1.638111687,2.048906176,0.345639862
vvi_vvi,blue,2,-,3.00367275,1.288717936,0.177816426,,,
vvi_oin_gamma,orange,2,-,1.910418336,1.328469514,0.262257112,,,
vvi_oin,orange,2,--,4.948194212,0.882608858,0.10426873,,,
vvi_csa,green,2,--,2.470770292464022,1.4131842495219498,0.21391959288821544,,,
